sample-id	forward-absolute-filepath	reverse-absolute-filepath
SRR19621115	/rds/projects/e/elhamsak-group6/fastq_files/SRR19621115_1.fastq.gz	/rds/projects/e/elhamsak-group6/fastq_files/SRR19621115_2.fastq.gz
SRR19621116	/rds/projects/e/elhamsak-group6/fastq_files/SRR19621116_1.fastq.gz	/rds/projects/e/elhamsak-group6/fastq_files/SRR19621116_2.fastq.gz
SRR19621117	/rds/projects/e/elhamsak-group6/fastq_files/SRR19621117_1.fastq.gz	/rds/projects/e/elhamsak-group6/fastq_files/SRR19621117_2.fastq.gz
SRR19621118	/rds/projects/e/elhamsak-group6/fastq_files/SRR19621118_1.fastq.gz	/rds/projects/e/elhamsak-group6/fastq_files/SRR19621118_2.fastq.gz
SRR19621119	/rds/projects/e/elhamsak-group6/fastq_files/SRR19621119_1.fastq.gz	/rds/projects/e/elhamsak-group6/fastq_files/SRR19621119_2.fastq.gz
SRR19621120	/rds/projects/e/elhamsak-group6/fastq_files/SRR19621120_1.fastq.gz	/rds/projects/e/elhamsak-group6/fastq_files/SRR19621120_2.fastq.gz
SRR19621121	/rds/projects/e/elhamsak-group6/fastq_files/SRR19621121_1.fastq.gz	/rds/projects/e/elhamsak-group6/fastq_files/SRR19621121_2.fastq.gz
SRR19621122	/rds/projects/e/elhamsak-group6/fastq_files/SRR19621122_1.fastq.gz	/rds/projects/e/elhamsak-group6/fastq_files/SRR19621122_2.fastq.gz
SRR19621123	/rds/projects/e/elhamsak-group6/fastq_files/SRR19621123_1.fastq.gz	/rds/projects/e/elhamsak-group6/fastq_files/SRR19621123_2.fastq.gz
SRR19621124	/rds/projects/e/elhamsak-group6/fastq_files/SRR19621124_1.fastq.gz	/rds/projects/e/elhamsak-group6/fastq_files/SRR19621124_2.fastq.gz
SRR19621125	/rds/projects/e/elhamsak-group6/fastq_files/SRR19621125_1.fastq.gz	/rds/projects/e/elhamsak-group6/fastq_files/SRR19621125_2.fastq.gz
SRR19621126	/rds/projects/e/elhamsak-group6/fastq_files/SRR19621126_1.fastq.gz	/rds/projects/e/elhamsak-group6/fastq_files/SRR19621126_2.fastq.gz
SRR19621127	/rds/projects/e/elhamsak-group6/fastq_files/SRR19621127_1.fastq.gz	/rds/projects/e/elhamsak-group6/fastq_files/SRR19621127_2.fastq.gz
SRR19621128	/rds/projects/e/elhamsak-group6/fastq_files/SRR19621128_1.fastq.gz	/rds/projects/e/elhamsak-group6/fastq_files/SRR19621128_2.fastq.gz
SRR19621129	/rds/projects/e/elhamsak-group6/fastq_files/SRR19621129_1.fastq.gz	/rds/projects/e/elhamsak-group6/fastq_files/SRR19621129_2.fastq.gz
SRR19621130	/rds/projects/e/elhamsak-group6/fastq_files/SRR19621130_1.fastq.gz	/rds/projects/e/elhamsak-group6/fastq_files/SRR19621130_2.fastq.gz
SRR19621131	/rds/projects/e/elhamsak-group6/fastq_files/SRR19621131_1.fastq.gz	/rds/projects/e/elhamsak-group6/fastq_files/SRR19621131_2.fastq.gz
SRR19621132	/rds/projects/e/elhamsak-group6/fastq_files/SRR19621132_1.fastq.gz	/rds/projects/e/elhamsak-group6/fastq_files/SRR19621132_2.fastq.gz
SRR19621133	/rds/projects/e/elhamsak-group6/fastq_files/SRR19621133_1.fastq.gz	/rds/projects/e/elhamsak-group6/fastq_files/SRR19621133_2.fastq.gz
SRR19621134	/rds/projects/e/elhamsak-group6/fastq_files/SRR19621134_1.fastq.gz	/rds/projects/e/elhamsak-group6/fastq_files/SRR19621134_2.fastq.gz
SRR19621135	/rds/projects/e/elhamsak-group6/fastq_files/SRR19621135_1.fastq.gz	/rds/projects/e/elhamsak-group6/fastq_files/SRR19621135_2.fastq.gz
SRR19621136	/rds/projects/e/elhamsak-group6/fastq_files/SRR19621136_1.fastq.gz	/rds/projects/e/elhamsak-group6/fastq_files/SRR19621136_2.fastq.gz
SRR19621137	/rds/projects/e/elhamsak-group6/fastq_files/SRR19621137_1.fastq.gz	/rds/projects/e/elhamsak-group6/fastq_files/SRR19621137_2.fastq.gz
SRR19621138	/rds/projects/e/elhamsak-group6/fastq_files/SRR19621138_1.fastq.gz	/rds/projects/e/elhamsak-group6/fastq_files/SRR19621138_2.fastq.gz
SRR19621139	/rds/projects/e/elhamsak-group6/fastq_files/SRR19621139_1.fastq.gz	/rds/projects/e/elhamsak-group6/fastq_files/SRR19621139_2.fastq.gz
SRR19621140	/rds/projects/e/elhamsak-group6/fastq_files/SRR19621140_1.fastq.gz	/rds/projects/e/elhamsak-group6/fastq_files/SRR19621140_2.fastq.gz
SRR19621141	/rds/projects/e/elhamsak-group6/fastq_files/SRR19621141_1.fastq.gz	/rds/projects/e/elhamsak-group6/fastq_files/SRR19621141_2.fastq.gz
SRR19621142	/rds/projects/e/elhamsak-group6/fastq_files/SRR19621142_1.fastq.gz	/rds/projects/e/elhamsak-group6/fastq_files/SRR19621142_2.fastq.gz
SRR19621143	/rds/projects/e/elhamsak-group6/fastq_files/SRR19621143_1.fastq.gz	/rds/projects/e/elhamsak-group6/fastq_files/SRR19621143_2.fastq.gz
SRR19621144	/rds/projects/e/elhamsak-group6/fastq_files/SRR19621144_1.fastq.gz	/rds/projects/e/elhamsak-group6/fastq_files/SRR19621144_2.fastq.gz
SRR19621145	/rds/projects/e/elhamsak-group6/fastq_files/SRR19621145_1.fastq.gz	/rds/projects/e/elhamsak-group6/fastq_files/SRR19621145_2.fastq.gz
SRR19621146	/rds/projects/e/elhamsak-group6/fastq_files/SRR19621146_1.fastq.gz	/rds/projects/e/elhamsak-group6/fastq_files/SRR19621146_2.fastq.gz
SRR19621147	/rds/projects/e/elhamsak-group6/fastq_files/SRR19621147_1.fastq.gz	/rds/projects/e/elhamsak-group6/fastq_files/SRR19621147_2.fastq.gz
SRR19621148	/rds/projects/e/elhamsak-group6/fastq_files/SRR19621148_1.fastq.gz	/rds/projects/e/elhamsak-group6/fastq_files/SRR19621148_2.fastq.gz
SRR19621149	/rds/projects/e/elhamsak-group6/fastq_files/SRR19621149_1.fastq.gz	/rds/projects/e/elhamsak-group6/fastq_files/SRR19621149_2.fastq.gz
SRR19621150	/rds/projects/e/elhamsak-group6/fastq_files/SRR19621150_1.fastq.gz	/rds/projects/e/elhamsak-group6/fastq_files/SRR19621150_2.fastq.gz
SRR19621151	/rds/projects/e/elhamsak-group6/fastq_files/SRR19621151_1.fastq.gz	/rds/projects/e/elhamsak-group6/fastq_files/SRR19621151_2.fastq.gz
SRR19621152	/rds/projects/e/elhamsak-group6/fastq_files/SRR19621152_1.fastq.gz	/rds/projects/e/elhamsak-group6/fastq_files/SRR19621152_2.fastq.gz
SRR19621153	/rds/projects/e/elhamsak-group6/fastq_files/SRR19621153_1.fastq.gz	/rds/projects/e/elhamsak-group6/fastq_files/SRR19621153_2.fastq.gz
SRR19621154	/rds/projects/e/elhamsak-group6/fastq_files/SRR19621154_1.fastq.gz	/rds/projects/e/elhamsak-group6/fastq_files/SRR19621154_2.fastq.gz
SRR19621155	/rds/projects/e/elhamsak-group6/fastq_files/SRR19621155_1.fastq.gz	/rds/projects/e/elhamsak-group6/fastq_files/SRR19621155_2.fastq.gz
SRR19621156	/rds/projects/e/elhamsak-group6/fastq_files/SRR19621156_1.fastq.gz	/rds/projects/e/elhamsak-group6/fastq_files/SRR19621156_2.fastq.gz
SRR19621157	/rds/projects/e/elhamsak-group6/fastq_files/SRR19621157_1.fastq.gz	/rds/projects/e/elhamsak-group6/fastq_files/SRR19621157_2.fastq.gz
SRR19621158	/rds/projects/e/elhamsak-group6/fastq_files/SRR19621158_1.fastq.gz	/rds/projects/e/elhamsak-group6/fastq_files/SRR19621158_2.fastq.gz
SRR19621159	/rds/projects/e/elhamsak-group6/fastq_files/SRR19621159_1.fastq.gz	/rds/projects/e/elhamsak-group6/fastq_files/SRR19621159_2.fastq.gz
SRR19621160	/rds/projects/e/elhamsak-group6/fastq_files/SRR19621160_1.fastq.gz	/rds/projects/e/elhamsak-group6/fastq_files/SRR19621160_2.fastq.gz
SRR19621161	/rds/projects/e/elhamsak-group6/fastq_files/SRR19621161_1.fastq.gz	/rds/projects/e/elhamsak-group6/fastq_files/SRR19621161_2.fastq.gz
SRR19621162	/rds/projects/e/elhamsak-group6/fastq_files/SRR19621162_1.fastq.gz	/rds/projects/e/elhamsak-group6/fastq_files/SRR19621162_2.fastq.gz
SRR19621163	/rds/projects/e/elhamsak-group6/fastq_files/SRR19621163_1.fastq.gz	/rds/projects/e/elhamsak-group6/fastq_files/SRR19621163_2.fastq.gz
SRR19621164	/rds/projects/e/elhamsak-group6/fastq_files/SRR19621164_1.fastq.gz	/rds/projects/e/elhamsak-group6/fastq_files/SRR19621164_2.fastq.gz
SRR19621165	/rds/projects/e/elhamsak-group6/fastq_files/SRR19621165_1.fastq.gz	/rds/projects/e/elhamsak-group6/fastq_files/SRR19621165_2.fastq.gz
SRR19621166	/rds/projects/e/elhamsak-group6/fastq_files/SRR19621166_1.fastq.gz	/rds/projects/e/elhamsak-group6/fastq_files/SRR19621166_2.fastq.gz
SRR19621167	/rds/projects/e/elhamsak-group6/fastq_files/SRR19621167_1.fastq.gz	/rds/projects/e/elhamsak-group6/fastq_files/SRR19621167_2.fastq.gz
SRR19621168	/rds/projects/e/elhamsak-group6/fastq_files/SRR19621168_1.fastq.gz	/rds/projects/e/elhamsak-group6/fastq_files/SRR19621168_2.fastq.gz
SRR19621169	/rds/projects/e/elhamsak-group6/fastq_files/SRR19621169_1.fastq.gz	/rds/projects/e/elhamsak-group6/fastq_files/SRR19621169_2.fastq.gz
SRR19621170	/rds/projects/e/elhamsak-group6/fastq_files/SRR19621170_1.fastq.gz	/rds/projects/e/elhamsak-group6/fastq_files/SRR19621170_2.fastq.gz
SRR19621171	/rds/projects/e/elhamsak-group6/fastq_files/SRR19621171_1.fastq.gz	/rds/projects/e/elhamsak-group6/fastq_files/SRR19621171_2.fastq.gz
SRR19621172	/rds/projects/e/elhamsak-group6/fastq_files/SRR19621172_1.fastq.gz	/rds/projects/e/elhamsak-group6/fastq_files/SRR19621172_2.fastq.gz
SRR19621173	/rds/projects/e/elhamsak-group6/fastq_files/SRR19621173_1.fastq.gz	/rds/projects/e/elhamsak-group6/fastq_files/SRR19621173_2.fastq.gz
SRR19621174	/rds/projects/e/elhamsak-group6/fastq_files/SRR19621174_1.fastq.gz	/rds/projects/e/elhamsak-group6/fastq_files/SRR19621174_2.fastq.gz
SRR19621175	/rds/projects/e/elhamsak-group6/fastq_files/SRR19621175_1.fastq.gz	/rds/projects/e/elhamsak-group6/fastq_files/SRR19621175_2.fastq.gz
SRR19621176	/rds/projects/e/elhamsak-group6/fastq_files/SRR19621176_1.fastq.gz	/rds/projects/e/elhamsak-group6/fastq_files/SRR19621176_2.fastq.gz
SRR19621177	/rds/projects/e/elhamsak-group6/fastq_files/SRR19621177_1.fastq.gz	/rds/projects/e/elhamsak-group6/fastq_files/SRR19621177_2.fastq.gz
SRR19621178	/rds/projects/e/elhamsak-group6/fastq_files/SRR19621178_1.fastq.gz	/rds/projects/e/elhamsak-group6/fastq_files/SRR19621178_2.fastq.gz
SRR19621179	/rds/projects/e/elhamsak-group6/fastq_files/SRR19621179_1.fastq.gz	/rds/projects/e/elhamsak-group6/fastq_files/SRR19621179_2.fastq.gz
SRR19621180	/rds/projects/e/elhamsak-group6/fastq_files/SRR19621180_1.fastq.gz	/rds/projects/e/elhamsak-group6/fastq_files/SRR19621180_2.fastq.gz
SRR19621181	/rds/projects/e/elhamsak-group6/fastq_files/SRR19621181_1.fastq.gz	/rds/projects/e/elhamsak-group6/fastq_files/SRR19621181_2.fastq.gz
SRR19621182	/rds/projects/e/elhamsak-group6/fastq_files/SRR19621182_1.fastq.gz	/rds/projects/e/elhamsak-group6/fastq_files/SRR19621182_2.fastq.gz
SRR19621183	/rds/projects/e/elhamsak-group6/fastq_files/SRR19621183_1.fastq.gz	/rds/projects/e/elhamsak-group6/fastq_files/SRR19621183_2.fastq.gz
SRR19621184	/rds/projects/e/elhamsak-group6/fastq_files/SRR19621184_1.fastq.gz	/rds/projects/e/elhamsak-group6/fastq_files/SRR19621184_2.fastq.gz
SRR19621185	/rds/projects/e/elhamsak-group6/fastq_files/SRR19621185_1.fastq.gz	/rds/projects/e/elhamsak-group6/fastq_files/SRR19621185_2.fastq.gz
SRR19621186	/rds/projects/e/elhamsak-group6/fastq_files/SRR19621186_1.fastq.gz	/rds/projects/e/elhamsak-group6/fastq_files/SRR19621186_2.fastq.gz
SRR19621187	/rds/projects/e/elhamsak-group6/fastq_files/SRR19621187_1.fastq.gz	/rds/projects/e/elhamsak-group6/fastq_files/SRR19621187_2.fastq.gz
SRR19621188	/rds/projects/e/elhamsak-group6/fastq_files/SRR19621188_1.fastq.gz	/rds/projects/e/elhamsak-group6/fastq_files/SRR19621188_2.fastq.gz
SRR19621189	/rds/projects/e/elhamsak-group6/fastq_files/SRR19621189_1.fastq.gz	/rds/projects/e/elhamsak-group6/fastq_files/SRR19621189_2.fastq.gz
SRR19621190	/rds/projects/e/elhamsak-group6/fastq_files/SRR19621190_1.fastq.gz	/rds/projects/e/elhamsak-group6/fastq_files/SRR19621190_2.fastq.gz
SRR19621191	/rds/projects/e/elhamsak-group6/fastq_files/SRR19621191_1.fastq.gz	/rds/projects/e/elhamsak-group6/fastq_files/SRR19621191_2.fastq.gz
SRR19621192	/rds/projects/e/elhamsak-group6/fastq_files/SRR19621192_1.fastq.gz	/rds/projects/e/elhamsak-group6/fastq_files/SRR19621192_2.fastq.gz
SRR19621193	/rds/projects/e/elhamsak-group6/fastq_files/SRR19621193_1.fastq.gz	/rds/projects/e/elhamsak-group6/fastq_files/SRR19621193_2.fastq.gz
SRR19621194	/rds/projects/e/elhamsak-group6/fastq_files/SRR19621194_1.fastq.gz	/rds/projects/e/elhamsak-group6/fastq_files/SRR19621194_2.fastq.gz
SRR19621195	/rds/projects/e/elhamsak-group6/fastq_files/SRR19621195_1.fastq.gz	/rds/projects/e/elhamsak-group6/fastq_files/SRR19621195_2.fastq.gz
SRR19621196	/rds/projects/e/elhamsak-group6/fastq_files/SRR19621196_1.fastq.gz	/rds/projects/e/elhamsak-group6/fastq_files/SRR19621196_2.fastq.gz
SRR19621197	/rds/projects/e/elhamsak-group6/fastq_files/SRR19621197_1.fastq.gz	/rds/projects/e/elhamsak-group6/fastq_files/SRR19621197_2.fastq.gz
SRR19621198	/rds/projects/e/elhamsak-group6/fastq_files/SRR19621198_1.fastq.gz	/rds/projects/e/elhamsak-group6/fastq_files/SRR19621198_2.fastq.gz
SRR19621199	/rds/projects/e/elhamsak-group6/fastq_files/SRR19621199_1.fastq.gz	/rds/projects/e/elhamsak-group6/fastq_files/SRR19621199_2.fastq.gz
SRR19621200	/rds/projects/e/elhamsak-group6/fastq_files/SRR19621200_1.fastq.gz	/rds/projects/e/elhamsak-group6/fastq_files/SRR19621200_2.fastq.gz
SRR19621201	/rds/projects/e/elhamsak-group6/fastq_files/SRR19621201_1.fastq.gz	/rds/projects/e/elhamsak-group6/fastq_files/SRR19621201_2.fastq.gz
SRR19621202	/rds/projects/e/elhamsak-group6/fastq_files/SRR19621202_1.fastq.gz	/rds/projects/e/elhamsak-group6/fastq_files/SRR19621202_2.fastq.gz
SRR19621203	/rds/projects/e/elhamsak-group6/fastq_files/SRR19621203_1.fastq.gz	/rds/projects/e/elhamsak-group6/fastq_files/SRR19621203_2.fastq.gz
SRR19621204	/rds/projects/e/elhamsak-group6/fastq_files/SRR19621204_1.fastq.gz	/rds/projects/e/elhamsak-group6/fastq_files/SRR19621204_2.fastq.gz
SRR19621205	/rds/projects/e/elhamsak-group6/fastq_files/SRR19621205_1.fastq.gz	/rds/projects/e/elhamsak-group6/fastq_files/SRR19621205_2.fastq.gz
SRR19621206	/rds/projects/e/elhamsak-group6/fastq_files/SRR19621206_1.fastq.gz	/rds/projects/e/elhamsak-group6/fastq_files/SRR19621206_2.fastq.gz
SRR19621207	/rds/projects/e/elhamsak-group6/fastq_files/SRR19621207_1.fastq.gz	/rds/projects/e/elhamsak-group6/fastq_files/SRR19621207_2.fastq.gz
SRR19621208	/rds/projects/e/elhamsak-group6/fastq_files/SRR19621208_1.fastq.gz	/rds/projects/e/elhamsak-group6/fastq_files/SRR19621208_2.fastq.gz
SRR19621209	/rds/projects/e/elhamsak-group6/fastq_files/SRR19621209_1.fastq.gz	/rds/projects/e/elhamsak-group6/fastq_files/SRR19621209_2.fastq.gz
SRR19621210	/rds/projects/e/elhamsak-group6/fastq_files/SRR19621210_1.fastq.gz	/rds/projects/e/elhamsak-group6/fastq_files/SRR19621210_2.fastq.gz
SRR19621211	/rds/projects/e/elhamsak-group6/fastq_files/SRR19621211_1.fastq.gz	/rds/projects/e/elhamsak-group6/fastq_files/SRR19621211_2.fastq.gz
SRR19621212	/rds/projects/e/elhamsak-group6/fastq_files/SRR19621212_1.fastq.gz	/rds/projects/e/elhamsak-group6/fastq_files/SRR19621212_2.fastq.gz
SRR19621213	/rds/projects/e/elhamsak-group6/fastq_files/SRR19621213_1.fastq.gz	/rds/projects/e/elhamsak-group6/fastq_files/SRR19621213_2.fastq.gz
SRR19621214	/rds/projects/e/elhamsak-group6/fastq_files/SRR19621214_1.fastq.gz	/rds/projects/e/elhamsak-group6/fastq_files/SRR19621214_2.fastq.gz
SRR19621215	/rds/projects/e/elhamsak-group6/fastq_files/SRR19621215_1.fastq.gz	/rds/projects/e/elhamsak-group6/fastq_files/SRR19621215_2.fastq.gz
SRR19621216	/rds/projects/e/elhamsak-group6/fastq_files/SRR19621216_1.fastq.gz	/rds/projects/e/elhamsak-group6/fastq_files/SRR19621216_2.fastq.gz
SRR19621217	/rds/projects/e/elhamsak-group6/fastq_files/SRR19621217_1.fastq.gz	/rds/projects/e/elhamsak-group6/fastq_files/SRR19621217_2.fastq.gz
SRR19621218	/rds/projects/e/elhamsak-group6/fastq_files/SRR19621218_1.fastq.gz	/rds/projects/e/elhamsak-group6/fastq_files/SRR19621218_2.fastq.gz
SRR19621219	/rds/projects/e/elhamsak-group6/fastq_files/SRR19621219_1.fastq.gz	/rds/projects/e/elhamsak-group6/fastq_files/SRR19621219_2.fastq.gz
SRR19621220	/rds/projects/e/elhamsak-group6/fastq_files/SRR19621220_1.fastq.gz	/rds/projects/e/elhamsak-group6/fastq_files/SRR19621220_2.fastq.gz
SRR19621221	/rds/projects/e/elhamsak-group6/fastq_files/SRR19621221_1.fastq.gz	/rds/projects/e/elhamsak-group6/fastq_files/SRR19621221_2.fastq.gz
SRR19621222	/rds/projects/e/elhamsak-group6/fastq_files/SRR19621222_1.fastq.gz	/rds/projects/e/elhamsak-group6/fastq_files/SRR19621222_2.fastq.gz
SRR19621223	/rds/projects/e/elhamsak-group6/fastq_files/SRR19621223_1.fastq.gz	/rds/projects/e/elhamsak-group6/fastq_files/SRR19621223_2.fastq.gz
SRR19621224	/rds/projects/e/elhamsak-group6/fastq_files/SRR19621224_1.fastq.gz	/rds/projects/e/elhamsak-group6/fastq_files/SRR19621224_2.fastq.gz
SRR19621225	/rds/projects/e/elhamsak-group6/fastq_files/SRR19621225_1.fastq.gz	/rds/projects/e/elhamsak-group6/fastq_files/SRR19621225_2.fastq.gz
SRR19621226	/rds/projects/e/elhamsak-group6/fastq_files/SRR19621226_1.fastq.gz	/rds/projects/e/elhamsak-group6/fastq_files/SRR19621226_2.fastq.gz
SRR19621227	/rds/projects/e/elhamsak-group6/fastq_files/SRR19621227_1.fastq.gz	/rds/projects/e/elhamsak-group6/fastq_files/SRR19621227_2.fastq.gz
SRR19621228	/rds/projects/e/elhamsak-group6/fastq_files/SRR19621228_1.fastq.gz	/rds/projects/e/elhamsak-group6/fastq_files/SRR19621228_2.fastq.gz
SRR19621229	/rds/projects/e/elhamsak-group6/fastq_files/SRR19621229_1.fastq.gz	/rds/projects/e/elhamsak-group6/fastq_files/SRR19621229_2.fastq.gz
SRR19621230	/rds/projects/e/elhamsak-group6/fastq_files/SRR19621230_1.fastq.gz	/rds/projects/e/elhamsak-group6/fastq_files/SRR19621230_2.fastq.gz
SRR19621231	/rds/projects/e/elhamsak-group6/fastq_files/SRR19621231_1.fastq.gz	/rds/projects/e/elhamsak-group6/fastq_files/SRR19621231_2.fastq.gz
SRR19621232	/rds/projects/e/elhamsak-group6/fastq_files/SRR19621232_1.fastq.gz	/rds/projects/e/elhamsak-group6/fastq_files/SRR19621232_2.fastq.gz
SRR19621233	/rds/projects/e/elhamsak-group6/fastq_files/SRR19621233_1.fastq.gz	/rds/projects/e/elhamsak-group6/fastq_files/SRR19621233_2.fastq.gz
SRR19621234	/rds/projects/e/elhamsak-group6/fastq_files/SRR19621234_1.fastq.gz	/rds/projects/e/elhamsak-group6/fastq_files/SRR19621234_2.fastq.gz
