	observed_features
SRR19621115	137
SRR19621116	140
SRR19621117	160
SRR19621118	101
SRR19621119	136
SRR19621120	129
SRR19621121	120
SRR19621125	191
SRR19621126	155
SRR19621127	125
SRR19621128	109
SRR19621129	193
SRR19621130	176
SRR19621131	218
SRR19621132	77
SRR19621133	132
SRR19621134	144
SRR19621135	160
SRR19621136	187
SRR19621137	163
SRR19621138	156
SRR19621139	117
SRR19621140	156
SRR19621141	155
SRR19621142	115
SRR19621143	108
SRR19621144	120
SRR19621145	106
SRR19621146	95
SRR19621147	102
SRR19621148	131
SRR19621149	148
SRR19621150	124
SRR19621151	115
SRR19621152	108
SRR19621153	104
SRR19621154	122
SRR19621155	111
SRR19621156	151
SRR19621157	131
SRR19621158	119
SRR19621159	140
SRR19621160	125
SRR19621161	124
SRR19621162	138
SRR19621163	111
SRR19621164	109
SRR19621165	105
SRR19621166	118
SRR19621167	107
SRR19621168	213
SRR19621169	203
SRR19621170	199
SRR19621171	182
SRR19621172	139
SRR19621173	208
SRR19621174	215
SRR19621175	137
SRR19621176	152
SRR19621177	152
SRR19621178	126
SRR19621179	167
SRR19621180	141
SRR19621181	139
SRR19621182	139
SRR19621183	129
SRR19621184	138
SRR19621185	94
SRR19621186	111
SRR19621187	104
SRR19621188	137
SRR19621189	130
SRR19621190	161
SRR19621191	160
SRR19621192	122
SRR19621193	90
SRR19621194	111
SRR19621195	85
SRR19621196	112
SRR19621197	166
SRR19621198	198
SRR19621199	197
SRR19621200	131
SRR19621201	146
SRR19621202	184
SRR19621203	111
SRR19621204	132
SRR19621205	169
SRR19621206	174
SRR19621207	181
SRR19621208	158
SRR19621209	131
SRR19621210	128
SRR19621211	147
SRR19621212	130
SRR19621213	127
SRR19621214	131
SRR19621215	154
SRR19621216	119
SRR19621217	243
SRR19621218	220
SRR19621219	223
SRR19621220	117
SRR19621221	113
SRR19621222	90
SRR19621223	113
SRR19621224	160
SRR19621225	153
SRR19621226	115
SRR19621227	91
SRR19621228	97
SRR19621229	93
SRR19621230	112
SRR19621231	208
SRR19621232	107
SRR19621233	180
SRR19621234	155
