run_accession	fastq_ftp	fastq_bytes	fastq_md5
SRR19621119	ftp.sra.ebi.ac.uk/vol1/fastq/SRR196/019/SRR19621119/SRR19621119_1.fastq.gz;ftp.sra.ebi.ac.uk/vol1/fastq/SRR196/019/SRR19621119/SRR19621119_2.fastq.gz	7337736;8673421	0ed6acae69bb1280b1d6ecacb1694d65;80c4a293da83451391408991c07dcba2
SRR19621122	ftp.sra.ebi.ac.uk/vol1/fastq/SRR196/022/SRR19621122/SRR19621122_1.fastq.gz;ftp.sra.ebi.ac.uk/vol1/fastq/SRR196/022/SRR19621122/SRR19621122_2.fastq.gz	5638079;6842545	d331be083d115d0004c65ad8b1a3d613;50ac299eba8427e7deac603005323e8d
SRR19621125	ftp.sra.ebi.ac.uk/vol1/fastq/SRR196/025/SRR19621125/SRR19621125_1.fastq.gz;ftp.sra.ebi.ac.uk/vol1/fastq/SRR196/025/SRR19621125/SRR19621125_2.fastq.gz	7611134;9101477	b1241e327348d16b2b59b2f8e3d40f05;239b6305e9dbe15887478092e03b7726
SRR19621130	ftp.sra.ebi.ac.uk/vol1/fastq/SRR196/030/SRR19621130/SRR19621130_1.fastq.gz;ftp.sra.ebi.ac.uk/vol1/fastq/SRR196/030/SRR19621130/SRR19621130_2.fastq.gz	7942259;9937283	9c77a036fa13f30d91d13a0dd0cc0e48;0f833e633826ffc74196a2d537e31f9e
SRR19621132	ftp.sra.ebi.ac.uk/vol1/fastq/SRR196/032/SRR19621132/SRR19621132_1.fastq.gz;ftp.sra.ebi.ac.uk/vol1/fastq/SRR196/032/SRR19621132/SRR19621132_2.fastq.gz	5646883;6941931	2da7fed1c48b68beb79d78132eb1a69b;83056a16c018991a2b1f8afc97d31908
SRR19621138	ftp.sra.ebi.ac.uk/vol1/fastq/SRR196/038/SRR19621138/SRR19621138_1.fastq.gz;ftp.sra.ebi.ac.uk/vol1/fastq/SRR196/038/SRR19621138/SRR19621138_2.fastq.gz	5715689;7194802	abd5355eee6ccf30821f82d3a7722a3c;dbde90fa7c0a92531997165dac571da0
SRR19621139	ftp.sra.ebi.ac.uk/vol1/fastq/SRR196/039/SRR19621139/SRR19621139_1.fastq.gz;ftp.sra.ebi.ac.uk/vol1/fastq/SRR196/039/SRR19621139/SRR19621139_2.fastq.gz	4739935;6012475	f72e5ff5e59efa7728839168a16ba47f;ed6f74a11c697567aaa8211b1d960e9b
SRR19621142	ftp.sra.ebi.ac.uk/vol1/fastq/SRR196/042/SRR19621142/SRR19621142_1.fastq.gz;ftp.sra.ebi.ac.uk/vol1/fastq/SRR196/042/SRR19621142/SRR19621142_2.fastq.gz	7097882;8690841	c9d78d570168490fea792a40e8461370;755dfe41f3785e9e2cbe2fe70dcacda7
SRR19621145	ftp.sra.ebi.ac.uk/vol1/fastq/SRR196/045/SRR19621145/SRR19621145_1.fastq.gz;ftp.sra.ebi.ac.uk/vol1/fastq/SRR196/045/SRR19621145/SRR19621145_2.fastq.gz	5095759;5934878	b395843e9c6160cd856fefeb8c1589ac;d26ae6c0a8fac5e9817d4a584698beb0
SRR19621146	ftp.sra.ebi.ac.uk/vol1/fastq/SRR196/046/SRR19621146/SRR19621146_1.fastq.gz;ftp.sra.ebi.ac.uk/vol1/fastq/SRR196/046/SRR19621146/SRR19621146_2.fastq.gz	4452306;5362059	81b12ca6b16a315b2e3d2bb05ad5ec66;bc082e4afc8c572246da3886ccbd7c4b
SRR19621148	ftp.sra.ebi.ac.uk/vol1/fastq/SRR196/048/SRR19621148/SRR19621148_1.fastq.gz;ftp.sra.ebi.ac.uk/vol1/fastq/SRR196/048/SRR19621148/SRR19621148_2.fastq.gz	6131820;7289898	64961262d9317a54445ef286bd67ef06;5f54ac579d5e6641ff65feb144e9ad0c
SRR19621149	ftp.sra.ebi.ac.uk/vol1/fastq/SRR196/049/SRR19621149/SRR19621149_1.fastq.gz;ftp.sra.ebi.ac.uk/vol1/fastq/SRR196/049/SRR19621149/SRR19621149_2.fastq.gz	7373815;8619550	74afe5e61a30ed48c6eb5a523a3368a2;c1e62f0feae8a9fd91d0d087c7de0c62
SRR19621153	ftp.sra.ebi.ac.uk/vol1/fastq/SRR196/053/SRR19621153/SRR19621153_1.fastq.gz;ftp.sra.ebi.ac.uk/vol1/fastq/SRR196/053/SRR19621153/SRR19621153_2.fastq.gz	6181630;7529413	55c596c862424a39749527845d73b413;fc7edda0dadf070f094e798d840716b7
SRR19621156	ftp.sra.ebi.ac.uk/vol1/fastq/SRR196/056/SRR19621156/SRR19621156_1.fastq.gz;ftp.sra.ebi.ac.uk/vol1/fastq/SRR196/056/SRR19621156/SRR19621156_2.fastq.gz	6539939;7649356	ae5b05cfb9fcb902cd0f80f5756d2d1b;96d4d8862b30f29ea314a62e6acdcc9d
SRR19621157	ftp.sra.ebi.ac.uk/vol1/fastq/SRR196/057/SRR19621157/SRR19621157_1.fastq.gz;ftp.sra.ebi.ac.uk/vol1/fastq/SRR196/057/SRR19621157/SRR19621157_2.fastq.gz	5583221;6434194	a743c071b8299b4d80cf4b4a245f03d4;0c343ebab70c835888621923bebb29f7
SRR19621159	ftp.sra.ebi.ac.uk/vol1/fastq/SRR196/059/SRR19621159/SRR19621159_1.fastq.gz;ftp.sra.ebi.ac.uk/vol1/fastq/SRR196/059/SRR19621159/SRR19621159_2.fastq.gz	18075083;21675633	fe96c9d4d439203e44efdc2b72abd0c0;4f15877b8fda26e4cea6697071f6810d
SRR19621160	ftp.sra.ebi.ac.uk/vol1/fastq/SRR196/060/SRR19621160/SRR19621160_1.fastq.gz;ftp.sra.ebi.ac.uk/vol1/fastq/SRR196/060/SRR19621160/SRR19621160_2.fastq.gz	5120798;6233964	8c223129cf94dcf442258fe3b2964a5e;e975d284439400d239588cd8492483e2
SRR19621165	ftp.sra.ebi.ac.uk/vol1/fastq/SRR196/065/SRR19621165/SRR19621165_1.fastq.gz;ftp.sra.ebi.ac.uk/vol1/fastq/SRR196/065/SRR19621165/SRR19621165_2.fastq.gz	7627316;8875737	f8978812d2622eb0648377c3790ccac3;564e33a7d0cb90ec2247be81b24141ca
SRR19621170	ftp.sra.ebi.ac.uk/vol1/fastq/SRR196/070/SRR19621170/SRR19621170_1.fastq.gz;ftp.sra.ebi.ac.uk/vol1/fastq/SRR196/070/SRR19621170/SRR19621170_2.fastq.gz	7719607;8912696	5f5955c294f9560620619f8ad06bda0e;4a73072af6e9d739542a6ad565a1a5a9
SRR19621171	ftp.sra.ebi.ac.uk/vol1/fastq/SRR196/071/SRR19621171/SRR19621171_1.fastq.gz;ftp.sra.ebi.ac.uk/vol1/fastq/SRR196/071/SRR19621171/SRR19621171_2.fastq.gz	4318288;5231944	dda5e5e8d413d110ffc9de5ae0bd926b;77689615c17ad465e25ecd6270cd6ae8
SRR19621175	ftp.sra.ebi.ac.uk/vol1/fastq/SRR196/075/SRR19621175/SRR19621175_1.fastq.gz;ftp.sra.ebi.ac.uk/vol1/fastq/SRR196/075/SRR19621175/SRR19621175_2.fastq.gz	8471035;10343382	838bf01b979b9fafb0b7b1465d362a76;12eea0c6c257d19b4ca4b4b6da37c14f
SRR19621176	ftp.sra.ebi.ac.uk/vol1/fastq/SRR196/076/SRR19621176/SRR19621176_1.fastq.gz;ftp.sra.ebi.ac.uk/vol1/fastq/SRR196/076/SRR19621176/SRR19621176_2.fastq.gz	6564959;7964767	a5cb914451425c63fd153ff3aeec573b;2d1526d04373d828f86be30f9ec32c34
SRR19621179	ftp.sra.ebi.ac.uk/vol1/fastq/SRR196/079/SRR19621179/SRR19621179_1.fastq.gz;ftp.sra.ebi.ac.uk/vol1/fastq/SRR196/079/SRR19621179/SRR19621179_2.fastq.gz	5194858;6196165	334f484c53d0c384c05482351365f3a4;c3ccdfaefd2f9c57b036b318280b1486
SRR19621184	ftp.sra.ebi.ac.uk/vol1/fastq/SRR196/084/SRR19621184/SRR19621184_1.fastq.gz;ftp.sra.ebi.ac.uk/vol1/fastq/SRR196/084/SRR19621184/SRR19621184_2.fastq.gz	6046933;7195408	6691b25d19a74561fe97ee4fb9704968;eba4d91c371be6e41ff0e6268cb7c61c
SRR19621185	ftp.sra.ebi.ac.uk/vol1/fastq/SRR196/085/SRR19621185/SRR19621185_1.fastq.gz;ftp.sra.ebi.ac.uk/vol1/fastq/SRR196/085/SRR19621185/SRR19621185_2.fastq.gz	1134971;1344560	202eeb0bb566f38e84aca214d569c324;d58f422f297bcaa7e6d743689a8eb676
SRR19621187	ftp.sra.ebi.ac.uk/vol1/fastq/SRR196/087/SRR19621187/SRR19621187_1.fastq.gz;ftp.sra.ebi.ac.uk/vol1/fastq/SRR196/087/SRR19621187/SRR19621187_2.fastq.gz	5562971;6544114	56883c826af98923ba55949d80780d16;b9232a74a98581536d310627b4e764f3
SRR19621188	ftp.sra.ebi.ac.uk/vol1/fastq/SRR196/088/SRR19621188/SRR19621188_1.fastq.gz;ftp.sra.ebi.ac.uk/vol1/fastq/SRR196/088/SRR19621188/SRR19621188_2.fastq.gz	3105879;3925010	c40c3b882f12679d07ac91fdbcd8dc61;cff050852cd42e9664b6a162d9140888
SRR19621191	ftp.sra.ebi.ac.uk/vol1/fastq/SRR196/091/SRR19621191/SRR19621191_1.fastq.gz;ftp.sra.ebi.ac.uk/vol1/fastq/SRR196/091/SRR19621191/SRR19621191_2.fastq.gz	5563446;6774910	888a70d404a9fd8f90b315d2b592086f;4f5aaae405efd0a305dec6ee1f2cf669
SRR19621192	ftp.sra.ebi.ac.uk/vol1/fastq/SRR196/092/SRR19621192/SRR19621192_1.fastq.gz;ftp.sra.ebi.ac.uk/vol1/fastq/SRR196/092/SRR19621192/SRR19621192_2.fastq.gz	5859107;6937955	4c835cdb95a7e214b1635dc6836aa074;415745f933ecd85fbcc2b1f55e67e835
SRR19621193	ftp.sra.ebi.ac.uk/vol1/fastq/SRR196/093/SRR19621193/SRR19621193_1.fastq.gz;ftp.sra.ebi.ac.uk/vol1/fastq/SRR196/093/SRR19621193/SRR19621193_2.fastq.gz	5127430;6249157	8862098df66b474cde7e1bb92f9ad695;7eb01e3bd62bfcd36c89c326e80f5cb2
SRR19621195	ftp.sra.ebi.ac.uk/vol1/fastq/SRR196/095/SRR19621195/SRR19621195.fastq.gz;ftp.sra.ebi.ac.uk/vol1/fastq/SRR196/095/SRR19621195/SRR19621195_1.fastq.gz;ftp.sra.ebi.ac.uk/vol1/fastq/SRR196/095/SRR19621195/SRR19621195_2.fastq.gz	3196595;2879454;3535135	fefe127225956bc74ca6a0bf85bf5b8c;30224e7585f957702774b8708019eea6;46515da13b83b4ef7534733d1827161b
SRR19621197	ftp.sra.ebi.ac.uk/vol1/fastq/SRR196/097/SRR19621197/SRR19621197_1.fastq.gz;ftp.sra.ebi.ac.uk/vol1/fastq/SRR196/097/SRR19621197/SRR19621197_2.fastq.gz	29038161;33787315	24120f5fa1ce5d443dac28f09350e7e1;93bd9b0971935678b269981499056b48
SRR19621198	ftp.sra.ebi.ac.uk/vol1/fastq/SRR196/098/SRR19621198/SRR19621198_1.fastq.gz;ftp.sra.ebi.ac.uk/vol1/fastq/SRR196/098/SRR19621198/SRR19621198_2.fastq.gz	7444728;8906392	e3689d3be137873843d944f25f735a1e;57c00781fa8475274dbdd8e7b5bda9aa
SRR19621199	ftp.sra.ebi.ac.uk/vol1/fastq/SRR196/099/SRR19621199/SRR19621199_1.fastq.gz;ftp.sra.ebi.ac.uk/vol1/fastq/SRR196/099/SRR19621199/SRR19621199_2.fastq.gz	4476088;5461268	6cd421dbcbb169fa16dae8876dff3247;e70bd77897ecf37b81fbb51f799f81aa
SRR19621205	ftp.sra.ebi.ac.uk/vol1/fastq/SRR196/005/SRR19621205/SRR19621205_1.fastq.gz;ftp.sra.ebi.ac.uk/vol1/fastq/SRR196/005/SRR19621205/SRR19621205_2.fastq.gz	5488378;6588146	e36418a6bd81de4acf36f7f22e7937f2;a49dee6c08f145ed52b6079160d4e249
SRR19621206	ftp.sra.ebi.ac.uk/vol1/fastq/SRR196/006/SRR19621206/SRR19621206_1.fastq.gz;ftp.sra.ebi.ac.uk/vol1/fastq/SRR196/006/SRR19621206/SRR19621206_2.fastq.gz	6110264;7185815	3fd56b6ba33b2cbd563311013383e99e;49ef1de393eb6bc37607de3aeb0855e3
SRR19621209	ftp.sra.ebi.ac.uk/vol1/fastq/SRR196/009/SRR19621209/SRR19621209_1.fastq.gz;ftp.sra.ebi.ac.uk/vol1/fastq/SRR196/009/SRR19621209/SRR19621209_2.fastq.gz	5010251;5861327	bd4c78ddc9294ce34fe4682b62e13ea8;73fd222e0271b4f61985c13537aca2a0
SRR19621213	ftp.sra.ebi.ac.uk/vol1/fastq/SRR196/013/SRR19621213/SRR19621213_1.fastq.gz;ftp.sra.ebi.ac.uk/vol1/fastq/SRR196/013/SRR19621213/SRR19621213_2.fastq.gz	6598805;8054926	86ee7f4e2f30dcb7f737c3800ae459cd;01f23081284c24e570fa893eed00098e
SRR19621215	ftp.sra.ebi.ac.uk/vol1/fastq/SRR196/015/SRR19621215/SRR19621215_1.fastq.gz;ftp.sra.ebi.ac.uk/vol1/fastq/SRR196/015/SRR19621215/SRR19621215_2.fastq.gz	8241897;9703793	7c6e266e6c8896fea00763f4f429afc8;eb50a376326ad1d6c32186b28bd384d9
SRR19621218	ftp.sra.ebi.ac.uk/vol1/fastq/SRR196/018/SRR19621218/SRR19621218_1.fastq.gz;ftp.sra.ebi.ac.uk/vol1/fastq/SRR196/018/SRR19621218/SRR19621218_2.fastq.gz	7659401;9169279	17baeab9b25bab83454f067f35830e9c;af2df760afbeee07fc22341c84b96973
SRR19621220	ftp.sra.ebi.ac.uk/vol1/fastq/SRR196/020/SRR19621220/SRR19621220_1.fastq.gz;ftp.sra.ebi.ac.uk/vol1/fastq/SRR196/020/SRR19621220/SRR19621220_2.fastq.gz	7341195;8595613	3e34836e8947944c0f7bfbe786fbf6a5;cff1ca3ec2594872915c58116c9aacf7
SRR19621224	ftp.sra.ebi.ac.uk/vol1/fastq/SRR196/024/SRR19621224/SRR19621224_1.fastq.gz;ftp.sra.ebi.ac.uk/vol1/fastq/SRR196/024/SRR19621224/SRR19621224_2.fastq.gz	7337031;8879363	15e1c1e4c459c4f7e2f83787c15779a4;17470b06441649acbf7abf9e8df10106
SRR19621226	ftp.sra.ebi.ac.uk/vol1/fastq/SRR196/026/SRR19621226/SRR19621226_1.fastq.gz;ftp.sra.ebi.ac.uk/vol1/fastq/SRR196/026/SRR19621226/SRR19621226_2.fastq.gz	6837618;8135623	3c503477471ead29688501586608ca9e;f40ce69c3d044ccf3b66c69019a8b516
SRR19621227	ftp.sra.ebi.ac.uk/vol1/fastq/SRR196/027/SRR19621227/SRR19621227_1.fastq.gz;ftp.sra.ebi.ac.uk/vol1/fastq/SRR196/027/SRR19621227/SRR19621227_2.fastq.gz	6062867;7357869	6d918fe1790dd307eccf6ed9d657d453;1bc7a2d2bdf6a12e8db2c4e63524748a
SRR19621229	ftp.sra.ebi.ac.uk/vol1/fastq/SRR196/029/SRR19621229/SRR19621229_1.fastq.gz;ftp.sra.ebi.ac.uk/vol1/fastq/SRR196/029/SRR19621229/SRR19621229_2.fastq.gz	5156295;6368530	acb713b8064cd186f1224844207b3766;044ceeb2b8b993c15678e74c67b9cc4b
SRR19621230	ftp.sra.ebi.ac.uk/vol1/fastq/SRR196/030/SRR19621230/SRR19621230_1.fastq.gz;ftp.sra.ebi.ac.uk/vol1/fastq/SRR196/030/SRR19621230/SRR19621230_2.fastq.gz	7025088;8309400	c702e3ca55a4782180de41ad7fd5e497;aee72a7039d444b2028026ba053412df
SRR19621231	ftp.sra.ebi.ac.uk/vol1/fastq/SRR196/031/SRR19621231/SRR19621231_1.fastq.gz;ftp.sra.ebi.ac.uk/vol1/fastq/SRR196/031/SRR19621231/SRR19621231_2.fastq.gz	6865754;8107023	c5067534fa743248f72b9a225b58d4e3;717e660416a1418e16c3b790f8b6b0b6
SRR19621115	ftp.sra.ebi.ac.uk/vol1/fastq/SRR196/015/SRR19621115/SRR19621115_1.fastq.gz;ftp.sra.ebi.ac.uk/vol1/fastq/SRR196/015/SRR19621115/SRR19621115_2.fastq.gz	6250559;7472925	1387a4cc191d70c5e86b3cd8c58b0a27;acd9ec243fafd909d3a88445789542db
SRR19621120	ftp.sra.ebi.ac.uk/vol1/fastq/SRR196/020/SRR19621120/SRR19621120_1.fastq.gz;ftp.sra.ebi.ac.uk/vol1/fastq/SRR196/020/SRR19621120/SRR19621120_2.fastq.gz	8903252;10671393	a047e251a04d1ef834e390b67bde706f;86cc4e522451ea1667d6b472e6704a3b
SRR19621123	ftp.sra.ebi.ac.uk/vol1/fastq/SRR196/023/SRR19621123/SRR19621123_1.fastq.gz;ftp.sra.ebi.ac.uk/vol1/fastq/SRR196/023/SRR19621123/SRR19621123_2.fastq.gz	6450244;7774231	f1af6a8d4bc198ab66f2a27056f680f1;f5e9086df7e4cc3b8259fa280fef5b2c
SRR19621128	ftp.sra.ebi.ac.uk/vol1/fastq/SRR196/028/SRR19621128/SRR19621128_1.fastq.gz;ftp.sra.ebi.ac.uk/vol1/fastq/SRR196/028/SRR19621128/SRR19621128_2.fastq.gz	6712621;7923938	912ba43e2c8326bf084eab44b78e7ccc;231298eef7e63dc475f1bf7ccfa81ed9
SRR19621131	ftp.sra.ebi.ac.uk/vol1/fastq/SRR196/031/SRR19621131/SRR19621131_1.fastq.gz;ftp.sra.ebi.ac.uk/vol1/fastq/SRR196/031/SRR19621131/SRR19621131_2.fastq.gz	7803633;9180959	6f2e7ea45344dfc9ea78361635c65d60;b64c96d12e998d3b4aa9b402f818eed4
SRR19621133	ftp.sra.ebi.ac.uk/vol1/fastq/SRR196/033/SRR19621133/SRR19621133_1.fastq.gz;ftp.sra.ebi.ac.uk/vol1/fastq/SRR196/033/SRR19621133/SRR19621133_2.fastq.gz	6172669;7259527	ab1d9151674286441a03ab5b6cd37fec;f2cd112b706dfbaaf4f1be48a994ad6e
SRR19621134	ftp.sra.ebi.ac.uk/vol1/fastq/SRR196/034/SRR19621134/SRR19621134_1.fastq.gz;ftp.sra.ebi.ac.uk/vol1/fastq/SRR196/034/SRR19621134/SRR19621134_2.fastq.gz	6196189;7357949	79d9efacaae5678279a7f4e741746d0f;5bbd5c43fd7318b3fdee9809fea0009c
SRR19621135	ftp.sra.ebi.ac.uk/vol1/fastq/SRR196/035/SRR19621135/SRR19621135_1.fastq.gz;ftp.sra.ebi.ac.uk/vol1/fastq/SRR196/035/SRR19621135/SRR19621135_2.fastq.gz	5171375;6193316	0e3825b976bccfb080d103c6a618bf9e;eaeedea48f6164699facccee4b7ca448
SRR19621137	ftp.sra.ebi.ac.uk/vol1/fastq/SRR196/037/SRR19621137/SRR19621137_1.fastq.gz;ftp.sra.ebi.ac.uk/vol1/fastq/SRR196/037/SRR19621137/SRR19621137_2.fastq.gz	5910796;6975543	73b84e14eea8b4336d46ce72d22216c4;878011ad646c2a2bf0c71abe0b25d0f3
SRR19621141	ftp.sra.ebi.ac.uk/vol1/fastq/SRR196/041/SRR19621141/SRR19621141_1.fastq.gz;ftp.sra.ebi.ac.uk/vol1/fastq/SRR196/041/SRR19621141/SRR19621141_2.fastq.gz	10920358;12743157	c555c994954cd1d65836b9201be97df9;fa2c93ff97333eb9134b10b67873cc9d
SRR19621143	ftp.sra.ebi.ac.uk/vol1/fastq/SRR196/043/SRR19621143/SRR19621143_1.fastq.gz;ftp.sra.ebi.ac.uk/vol1/fastq/SRR196/043/SRR19621143/SRR19621143_2.fastq.gz	6347432;8252690	2e61af5ce8af2697ea7477b67df29e02;77d2b55d0f1944bf181a60922640b78c
SRR19621144	ftp.sra.ebi.ac.uk/vol1/fastq/SRR196/044/SRR19621144/SRR19621144_1.fastq.gz;ftp.sra.ebi.ac.uk/vol1/fastq/SRR196/044/SRR19621144/SRR19621144_2.fastq.gz	10166289;12335258	4ec1925d2dc273571f8d7c7b168be43d;69285c512e1d0d708d118434b5181330
SRR19621152	ftp.sra.ebi.ac.uk/vol1/fastq/SRR196/052/SRR19621152/SRR19621152_1.fastq.gz;ftp.sra.ebi.ac.uk/vol1/fastq/SRR196/052/SRR19621152/SRR19621152_2.fastq.gz	6036689;7479370	c6eca7079179c4cdc7116b67b69d2cae;5192cfca9c09cef3761ca4b2eddb0512
SRR19621154	ftp.sra.ebi.ac.uk/vol1/fastq/SRR196/054/SRR19621154/SRR19621154_1.fastq.gz;ftp.sra.ebi.ac.uk/vol1/fastq/SRR196/054/SRR19621154/SRR19621154_2.fastq.gz	6089735;7147341	6bb7de60342523a5e3e1ae8a96f3d19e;045670d4c944714c4063f48a4f52cb64
SRR19621155	ftp.sra.ebi.ac.uk/vol1/fastq/SRR196/055/SRR19621155/SRR19621155_1.fastq.gz;ftp.sra.ebi.ac.uk/vol1/fastq/SRR196/055/SRR19621155/SRR19621155_2.fastq.gz	6202549;7396934	329a41874ff48ace1c8d2db0e513fdd9;3bd2acdab83254e6d2cc72a0e4df6a2a
SRR19621161	ftp.sra.ebi.ac.uk/vol1/fastq/SRR196/061/SRR19621161/SRR19621161_1.fastq.gz;ftp.sra.ebi.ac.uk/vol1/fastq/SRR196/061/SRR19621161/SRR19621161_2.fastq.gz	5031783;6056321	a20314a45f90d4180e5f3756bf829310;32a06160afde82fd7520ca16aa05674d
SRR19621162	ftp.sra.ebi.ac.uk/vol1/fastq/SRR196/062/SRR19621162/SRR19621162_1.fastq.gz;ftp.sra.ebi.ac.uk/vol1/fastq/SRR196/062/SRR19621162/SRR19621162_2.fastq.gz	5303464;6173865	9fa60da996570c8be975276b351ad042;d292fbc15fe00cb54e9c3817fdec4ce5
SRR19621166	ftp.sra.ebi.ac.uk/vol1/fastq/SRR196/066/SRR19621166/SRR19621166_1.fastq.gz;ftp.sra.ebi.ac.uk/vol1/fastq/SRR196/066/SRR19621166/SRR19621166_2.fastq.gz	6509885;7615812	41d299cc9cfd741e95b697c6b2b30320;0c388068ea20f0bb28d90b2dac20b911
SRR19621167	ftp.sra.ebi.ac.uk/vol1/fastq/SRR196/067/SRR19621167/SRR19621167_1.fastq.gz;ftp.sra.ebi.ac.uk/vol1/fastq/SRR196/067/SRR19621167/SRR19621167_2.fastq.gz	5556478;6331124	cb59ac02d699dafc81d70e7e7697bf05;461eb2d490d7136506fc4089b5c6ea1f
SRR19621173	ftp.sra.ebi.ac.uk/vol1/fastq/SRR196/073/SRR19621173/SRR19621173_1.fastq.gz;ftp.sra.ebi.ac.uk/vol1/fastq/SRR196/073/SRR19621173/SRR19621173_2.fastq.gz	7384824;8937615	cf8c01f73693d8c475ff4a2c7ffcd1f5;863f685b651aff5521ff901201393cff
SRR19621174	ftp.sra.ebi.ac.uk/vol1/fastq/SRR196/074/SRR19621174/SRR19621174_1.fastq.gz;ftp.sra.ebi.ac.uk/vol1/fastq/SRR196/074/SRR19621174/SRR19621174_2.fastq.gz	6517062;7556143	89f24e0617a4e6b10cbf2097d532a16f;2de72bed1bec37da3af4862f1a192a43
SRR19621177	ftp.sra.ebi.ac.uk/vol1/fastq/SRR196/077/SRR19621177/SRR19621177_1.fastq.gz;ftp.sra.ebi.ac.uk/vol1/fastq/SRR196/077/SRR19621177/SRR19621177_2.fastq.gz	6300421;7726297	af5580963080479b3ee32bae29221c76;66e9640d69a92686ee7f4439c9f5f413
SRR19621181	ftp.sra.ebi.ac.uk/vol1/fastq/SRR196/081/SRR19621181/SRR19621181_1.fastq.gz;ftp.sra.ebi.ac.uk/vol1/fastq/SRR196/081/SRR19621181/SRR19621181_2.fastq.gz	54686894;72785858	7cca82acb3f71a7476d3a8a7ae163c64;38e92d97b32144a3818c626dcc1a4863
SRR19621183	ftp.sra.ebi.ac.uk/vol1/fastq/SRR196/083/SRR19621183/SRR19621183_1.fastq.gz;ftp.sra.ebi.ac.uk/vol1/fastq/SRR196/083/SRR19621183/SRR19621183_2.fastq.gz	5318561;6443300	6db5a84df9dbfbb3f248b8e50615c204;a3259093acb04d4fef2645503912cb61
SRR19621189	ftp.sra.ebi.ac.uk/vol1/fastq/SRR196/089/SRR19621189/SRR19621189_1.fastq.gz;ftp.sra.ebi.ac.uk/vol1/fastq/SRR196/089/SRR19621189/SRR19621189_2.fastq.gz	4800526;5603035	20f21c79863541aa2213274b254a9593;cc31d327f43b1d248f08af2e17a6d6b9
SRR19621190	ftp.sra.ebi.ac.uk/vol1/fastq/SRR196/090/SRR19621190/SRR19621190_1.fastq.gz;ftp.sra.ebi.ac.uk/vol1/fastq/SRR196/090/SRR19621190/SRR19621190_2.fastq.gz	5987726;7150446	7507d2e6b3611b8f2922db26ce8839c0;21c2d7ccbaac549a8bd2b60990648f94
SRR19621200	ftp.sra.ebi.ac.uk/vol1/fastq/SRR196/000/SRR19621200/SRR19621200_1.fastq.gz;ftp.sra.ebi.ac.uk/vol1/fastq/SRR196/000/SRR19621200/SRR19621200_2.fastq.gz	4929591;5945967	78637a9bfde6ae2dd2142ce037410a9e;8c2d3c4f8b0b389e6a04cc93ce5f847c
SRR19621201	ftp.sra.ebi.ac.uk/vol1/fastq/SRR196/001/SRR19621201/SRR19621201_1.fastq.gz;ftp.sra.ebi.ac.uk/vol1/fastq/SRR196/001/SRR19621201/SRR19621201_2.fastq.gz	5374017;6462437	6e5647fb5e1af6f073c267f790364346;4f40e1cc010d34237901c948f5e9e08f
SRR19621202	ftp.sra.ebi.ac.uk/vol1/fastq/SRR196/002/SRR19621202/SRR19621202_1.fastq.gz;ftp.sra.ebi.ac.uk/vol1/fastq/SRR196/002/SRR19621202/SRR19621202_2.fastq.gz	5980083;7107265	940f9dd0d1431644b64f1b7bebdafe27;ae30957957a9b1f3cb1bb91fe92e6621
SRR19621207	ftp.sra.ebi.ac.uk/vol1/fastq/SRR196/007/SRR19621207/SRR19621207_1.fastq.gz;ftp.sra.ebi.ac.uk/vol1/fastq/SRR196/007/SRR19621207/SRR19621207_2.fastq.gz	14639344;17167708	054831d8ecac4d473a1c7e4580d06796;e039ad537ca5b025a7659487b0f03e17
SRR19621211	ftp.sra.ebi.ac.uk/vol1/fastq/SRR196/011/SRR19621211/SRR19621211_1.fastq.gz;ftp.sra.ebi.ac.uk/vol1/fastq/SRR196/011/SRR19621211/SRR19621211_2.fastq.gz	7036700;8743494	1285a65e64f4d3ca5677e0add8c76467;6f4c54ef4333eb2c345953bfc7bbdb6e
SRR19621214	ftp.sra.ebi.ac.uk/vol1/fastq/SRR196/014/SRR19621214/SRR19621214_1.fastq.gz;ftp.sra.ebi.ac.uk/vol1/fastq/SRR196/014/SRR19621214/SRR19621214_2.fastq.gz	7120160;8603063	f948e70a95b17f407a089ec8ba81beb1;8cef4897354d3fe7c5870b2b413a8f6d
SRR19621217	ftp.sra.ebi.ac.uk/vol1/fastq/SRR196/017/SRR19621217/SRR19621217_1.fastq.gz;ftp.sra.ebi.ac.uk/vol1/fastq/SRR196/017/SRR19621217/SRR19621217_2.fastq.gz	9837307;11712793	8e1fb789cd96a2e8cb691064fe0e34d2;ac0325e2ff0fa127b4e5b0c35a38d793
SRR19621221	ftp.sra.ebi.ac.uk/vol1/fastq/SRR196/021/SRR19621221/SRR19621221_1.fastq.gz;ftp.sra.ebi.ac.uk/vol1/fastq/SRR196/021/SRR19621221/SRR19621221_2.fastq.gz	4743906;5552174	758d265fc4b8e5ea7b3347a9ac77a18d;ca87ba266ca16b7bdfa7295b3577e1e2
SRR19621222	ftp.sra.ebi.ac.uk/vol1/fastq/SRR196/022/SRR19621222/SRR19621222_1.fastq.gz;ftp.sra.ebi.ac.uk/vol1/fastq/SRR196/022/SRR19621222/SRR19621222_2.fastq.gz	6518939;8369187	eea7425ca2343926c825142a47e7ed9b;63a3740c188298577dc75b498938493a
SRR19621223	ftp.sra.ebi.ac.uk/vol1/fastq/SRR196/023/SRR19621223/SRR19621223_1.fastq.gz;ftp.sra.ebi.ac.uk/vol1/fastq/SRR196/023/SRR19621223/SRR19621223_2.fastq.gz	7665569;9131338	b2d7da2c5b9069bf28478fc02d55ce54;68051cacfd7d9ee922490bdc798e683f
SRR19621225	ftp.sra.ebi.ac.uk/vol1/fastq/SRR196/025/SRR19621225/SRR19621225_1.fastq.gz;ftp.sra.ebi.ac.uk/vol1/fastq/SRR196/025/SRR19621225/SRR19621225_2.fastq.gz	6271420;7584833	bece2b96c88946a68b95a830cf26cf1a;99318318a52373c5d23ae2fcad6db45d
SRR19621228	ftp.sra.ebi.ac.uk/vol1/fastq/SRR196/028/SRR19621228/SRR19621228_1.fastq.gz;ftp.sra.ebi.ac.uk/vol1/fastq/SRR196/028/SRR19621228/SRR19621228_2.fastq.gz	5239305;6148757	329bc395aa7b06c3c0d36fcf6bbb33f3;90ff71cb85e760528299b41a1dc666aa
SRR19621234	ftp.sra.ebi.ac.uk/vol1/fastq/SRR196/034/SRR19621234/SRR19621234_1.fastq.gz;ftp.sra.ebi.ac.uk/vol1/fastq/SRR196/034/SRR19621234/SRR19621234_2.fastq.gz	5722237;7089087	78c96443edf59e2d4bdf0c27035b094a;20d44242e86f5dbd14866c92c7942ad1
SRR19621116	ftp.sra.ebi.ac.uk/vol1/fastq/SRR196/016/SRR19621116/SRR19621116_1.fastq.gz;ftp.sra.ebi.ac.uk/vol1/fastq/SRR196/016/SRR19621116/SRR19621116_2.fastq.gz	5964971;7214338	277940ac2146fc4255b1ab684370e858;d8cd5ade7cda5a1f79221a21cd827ea2
SRR19621117	ftp.sra.ebi.ac.uk/vol1/fastq/SRR196/017/SRR19621117/SRR19621117_1.fastq.gz;ftp.sra.ebi.ac.uk/vol1/fastq/SRR196/017/SRR19621117/SRR19621117_2.fastq.gz	6268449;8003080	5d99d9367b18398c259491e37b874f27;f4259757d9c4ec830a69cf15bc481e1d
SRR19621118	ftp.sra.ebi.ac.uk/vol1/fastq/SRR196/018/SRR19621118/SRR19621118_1.fastq.gz;ftp.sra.ebi.ac.uk/vol1/fastq/SRR196/018/SRR19621118/SRR19621118_2.fastq.gz	7212589;9001946	48b96499049e864c51f352c1c58aa66f;dfb9a962e325eba9241110704eddaebf
SRR19621121	ftp.sra.ebi.ac.uk/vol1/fastq/SRR196/021/SRR19621121/SRR19621121_1.fastq.gz;ftp.sra.ebi.ac.uk/vol1/fastq/SRR196/021/SRR19621121/SRR19621121_2.fastq.gz	5129101;6224823	de4f73dc682422490b23555e7e8ca25a;ac93b2f0de2bb6ccac40925bf48d1837
SRR19621124	ftp.sra.ebi.ac.uk/vol1/fastq/SRR196/024/SRR19621124/SRR19621124_1.fastq.gz;ftp.sra.ebi.ac.uk/vol1/fastq/SRR196/024/SRR19621124/SRR19621124_2.fastq.gz	6569837;7957863	d30a99ba3c4df58f623b663679264979;2c782e076dd0f13a1d9d69e145e61874
SRR19621126	ftp.sra.ebi.ac.uk/vol1/fastq/SRR196/026/SRR19621126/SRR19621126_1.fastq.gz;ftp.sra.ebi.ac.uk/vol1/fastq/SRR196/026/SRR19621126/SRR19621126_2.fastq.gz	6431248;8082198	9197c7815618bfacae9be05f74a33722;ccab094ba94e1235597f4069948a17da
SRR19621127	ftp.sra.ebi.ac.uk/vol1/fastq/SRR196/027/SRR19621127/SRR19621127_1.fastq.gz;ftp.sra.ebi.ac.uk/vol1/fastq/SRR196/027/SRR19621127/SRR19621127_2.fastq.gz	6772900;7870176	5507fbaecf705437d628bbb9d64706d8;e10cbb76c143bb9ef3fc417757aa0460
SRR19621129	ftp.sra.ebi.ac.uk/vol1/fastq/SRR196/029/SRR19621129/SRR19621129_1.fastq.gz;ftp.sra.ebi.ac.uk/vol1/fastq/SRR196/029/SRR19621129/SRR19621129_2.fastq.gz	4495855;5480588	0165d647d5a508b59abf52dfa94163cf;38f5b0fce1826d2764f6970d2d68a812
SRR19621136	ftp.sra.ebi.ac.uk/vol1/fastq/SRR196/036/SRR19621136/SRR19621136_1.fastq.gz;ftp.sra.ebi.ac.uk/vol1/fastq/SRR196/036/SRR19621136/SRR19621136_2.fastq.gz	7027267;8388219	898c56391aa7a8c4cd7da0d25a89e69c;cf92ba80269433e8c5ac8854a1b2be55
SRR19621140	ftp.sra.ebi.ac.uk/vol1/fastq/SRR196/040/SRR19621140/SRR19621140_1.fastq.gz;ftp.sra.ebi.ac.uk/vol1/fastq/SRR196/040/SRR19621140/SRR19621140_2.fastq.gz	6501922;7862177	12f96a9125782eb9ec5a328827665202;5f167b28b0e0ba75f19e35bbc97ff64f
SRR19621147	ftp.sra.ebi.ac.uk/vol1/fastq/SRR196/047/SRR19621147/SRR19621147_1.fastq.gz;ftp.sra.ebi.ac.uk/vol1/fastq/SRR196/047/SRR19621147/SRR19621147_2.fastq.gz	5514720;6662563	7b17a33c39d3e3763add426fab223134;e85d889c44f04bfc9f8ae2e5bb5d9ac4
SRR19621150	ftp.sra.ebi.ac.uk/vol1/fastq/SRR196/050/SRR19621150/SRR19621150_1.fastq.gz;ftp.sra.ebi.ac.uk/vol1/fastq/SRR196/050/SRR19621150/SRR19621150_2.fastq.gz	5573637;6729948	0b3fad32a275a726354b1968c870ffb5;332af9d19bc0e6ad591251ac6de15916
SRR19621151	ftp.sra.ebi.ac.uk/vol1/fastq/SRR196/051/SRR19621151/SRR19621151_1.fastq.gz;ftp.sra.ebi.ac.uk/vol1/fastq/SRR196/051/SRR19621151/SRR19621151_2.fastq.gz	5476814;6612381	01b97034ef27593267d9a85b64375b93;370461d30fa0612b1c876afd30eafe63
SRR19621158	ftp.sra.ebi.ac.uk/vol1/fastq/SRR196/058/SRR19621158/SRR19621158_1.fastq.gz;ftp.sra.ebi.ac.uk/vol1/fastq/SRR196/058/SRR19621158/SRR19621158_2.fastq.gz	7023738;8423437	2e4f3bb2bd13a40b446c402789911c86;6a0e2c41d52a565aef6f9d1d712aa3f5
SRR19621163	ftp.sra.ebi.ac.uk/vol1/fastq/SRR196/063/SRR19621163/SRR19621163_1.fastq.gz;ftp.sra.ebi.ac.uk/vol1/fastq/SRR196/063/SRR19621163/SRR19621163_2.fastq.gz	7414749;8829958	0dc224d611b7b867ddf43c6977bf4556;d4eea7f5bbd75768cd41c83435e6d3d4
SRR19621164	ftp.sra.ebi.ac.uk/vol1/fastq/SRR196/064/SRR19621164/SRR19621164_1.fastq.gz;ftp.sra.ebi.ac.uk/vol1/fastq/SRR196/064/SRR19621164/SRR19621164_2.fastq.gz	5465133;6800530	5066cb5367d078a36fd9adc856cdee06;42ce7187b9a3986ce01800a5d45c926f
SRR19621168	ftp.sra.ebi.ac.uk/vol1/fastq/SRR196/068/SRR19621168/SRR19621168_1.fastq.gz;ftp.sra.ebi.ac.uk/vol1/fastq/SRR196/068/SRR19621168/SRR19621168_2.fastq.gz	6123237;7659692	b89641eccaffb8170054c464f23bc156;4ba137f3473cdb84778ac7cf4fa36935
SRR19621169	ftp.sra.ebi.ac.uk/vol1/fastq/SRR196/069/SRR19621169/SRR19621169_1.fastq.gz;ftp.sra.ebi.ac.uk/vol1/fastq/SRR196/069/SRR19621169/SRR19621169_2.fastq.gz	6105387;7107047	94c0787c0fd47769d230fab919b9ffce;07b546094424130618f4d9f03573d443
SRR19621172	ftp.sra.ebi.ac.uk/vol1/fastq/SRR196/072/SRR19621172/SRR19621172_1.fastq.gz;ftp.sra.ebi.ac.uk/vol1/fastq/SRR196/072/SRR19621172/SRR19621172_2.fastq.gz	4722465;5770947	4955b494fb8afa5912bfb062859043bf;ec827f21d06edd61410948fc00832043
SRR19621178	ftp.sra.ebi.ac.uk/vol1/fastq/SRR196/078/SRR19621178/SRR19621178_1.fastq.gz;ftp.sra.ebi.ac.uk/vol1/fastq/SRR196/078/SRR19621178/SRR19621178_2.fastq.gz	6311577;7522629	a389a5864e2b9bccc4b330fa551770ca;4916b022a62feec1dc19ebdbb6d2f758
SRR19621180	ftp.sra.ebi.ac.uk/vol1/fastq/SRR196/080/SRR19621180/SRR19621180_1.fastq.gz;ftp.sra.ebi.ac.uk/vol1/fastq/SRR196/080/SRR19621180/SRR19621180_2.fastq.gz	8995007;10828964	ddc5f4e134b8f1cd4c5a301d50d43661;c39f6c5d51be5091c3be3487da7ee047
SRR19621182	ftp.sra.ebi.ac.uk/vol1/fastq/SRR196/082/SRR19621182/SRR19621182_1.fastq.gz;ftp.sra.ebi.ac.uk/vol1/fastq/SRR196/082/SRR19621182/SRR19621182_2.fastq.gz	8716890;10062949	fda881b6530ca7a8ddc744751b51653d;c4e4ff503fbbefc820881a22b70b6401
SRR19621186	ftp.sra.ebi.ac.uk/vol1/fastq/SRR196/086/SRR19621186/SRR19621186_1.fastq.gz;ftp.sra.ebi.ac.uk/vol1/fastq/SRR196/086/SRR19621186/SRR19621186_2.fastq.gz	5655711;6823550	3172dee04be9a1e96678926dee6d463f;f4c6104ca0ed5d45c67c1cef618336f1
SRR19621194	ftp.sra.ebi.ac.uk/vol1/fastq/SRR196/094/SRR19621194/SRR19621194_1.fastq.gz;ftp.sra.ebi.ac.uk/vol1/fastq/SRR196/094/SRR19621194/SRR19621194_2.fastq.gz	6559015;7936350	f5977f10a8db6ab7c1005b4ac6f42823;fe31678da0f83d9d2c0a5b0963028d38
SRR19621196	ftp.sra.ebi.ac.uk/vol1/fastq/SRR196/096/SRR19621196/SRR19621196_1.fastq.gz;ftp.sra.ebi.ac.uk/vol1/fastq/SRR196/096/SRR19621196/SRR19621196_2.fastq.gz	4724068;5793365	1d7d5e97031d0b2cd319ec1993c2e968;04f1078a3ba3d214bc36141291f71144
SRR19621203	ftp.sra.ebi.ac.uk/vol1/fastq/SRR196/003/SRR19621203/SRR19621203_1.fastq.gz;ftp.sra.ebi.ac.uk/vol1/fastq/SRR196/003/SRR19621203/SRR19621203_2.fastq.gz	5367849;6422558	a067947e5cfd1f566bb0d0cf9e7588f3;c5df15b93e83775de39c7dec59cf8d6b
SRR19621204	ftp.sra.ebi.ac.uk/vol1/fastq/SRR196/004/SRR19621204/SRR19621204_1.fastq.gz;ftp.sra.ebi.ac.uk/vol1/fastq/SRR196/004/SRR19621204/SRR19621204_2.fastq.gz	5491784;6416734	ae764bbafc592874ca9f0e9fe8e20aac;6b0a77e9733ce661c415920e4642a255
SRR19621208	ftp.sra.ebi.ac.uk/vol1/fastq/SRR196/008/SRR19621208/SRR19621208_1.fastq.gz;ftp.sra.ebi.ac.uk/vol1/fastq/SRR196/008/SRR19621208/SRR19621208_2.fastq.gz	14285510;16418004	a8e47fe6243b6a651afd7c015d3bfe10;9d8aca856e0d4f050f5cd33333278ca6
SRR19621210	ftp.sra.ebi.ac.uk/vol1/fastq/SRR196/010/SRR19621210/SRR19621210_1.fastq.gz;ftp.sra.ebi.ac.uk/vol1/fastq/SRR196/010/SRR19621210/SRR19621210_2.fastq.gz	4881598;5701384	6319617d5908216d87537a7729aae3c6;ec4673fe6ad115644fa17895498ecf63
SRR19621212	ftp.sra.ebi.ac.uk/vol1/fastq/SRR196/012/SRR19621212/SRR19621212_1.fastq.gz;ftp.sra.ebi.ac.uk/vol1/fastq/SRR196/012/SRR19621212/SRR19621212_2.fastq.gz	8862622;10967067	7f07d1beb3eda6496fa055673afb6e1d;89a35bf73f098b4a415aa254c4f36b1c
SRR19621216	ftp.sra.ebi.ac.uk/vol1/fastq/SRR196/016/SRR19621216/SRR19621216_1.fastq.gz;ftp.sra.ebi.ac.uk/vol1/fastq/SRR196/016/SRR19621216/SRR19621216_2.fastq.gz	8087874;9079383	2ab084d009c08afaa651cb13fa0e88e4;9c5b8873003df17dfe3df21443860371
SRR19621219	ftp.sra.ebi.ac.uk/vol1/fastq/SRR196/019/SRR19621219/SRR19621219_1.fastq.gz;ftp.sra.ebi.ac.uk/vol1/fastq/SRR196/019/SRR19621219/SRR19621219_2.fastq.gz	6907426;8159689	e257258e6a50b88d9754c573d0f0ccb8;f1bd6d03db9b88fc813bd879a88760a7
SRR19621232	ftp.sra.ebi.ac.uk/vol1/fastq/SRR196/032/SRR19621232/SRR19621232_1.fastq.gz;ftp.sra.ebi.ac.uk/vol1/fastq/SRR196/032/SRR19621232/SRR19621232_2.fastq.gz	4576904;5627255	76f56fd316f11587dbd7c3dc2bcd11b4;5177a97db47d6fc3d53216f8efa62339
SRR19621233	ftp.sra.ebi.ac.uk/vol1/fastq/SRR196/033/SRR19621233/SRR19621233_1.fastq.gz;ftp.sra.ebi.ac.uk/vol1/fastq/SRR196/033/SRR19621233/SRR19621233_2.fastq.gz	4998717;5824844	744e456251f66cfbe81d9ba6cf92de4a;b41f551ef497af481a37b0529e9e1cfc
