#SampleID	Group
SRR19621234	IF-P
SRR19621233	IF-P
SRR19621202	IF-P
SRR19621188	IF-P
SRR19621180	IF-P
SRR19621172	IF-P
SRR19621161	IF-P
SRR19621150	IF-P
SRR19621139	IF-P
SRR19621128	IF-P
SRR19621232	IF-P
SRR19621221	IF-P
SRR19621210	IF-P
SRR19621209	IF-P
SRR19621208	IF-P
SRR19621207	IF-P
SRR19621198	IF-P
SRR19621199	IF-P
SRR19621200	IF-P
SRR19621201	IF-P
SRR19621203	IF-P
SRR19621204	IF-P
SRR19621205	IF-P
SRR19621206	IF-P
SRR19621182	IF-P
SRR19621183	IF-P
SRR19621184	IF-P
SRR19621185	IF-P
SRR19621186	IF-P
SRR19621187	IF-P
SRR19621189	IF-P
SRR19621190	IF-P
SRR19621191	IF-P
SRR19621192	IF-P
SRR19621193	IF-P
SRR19621194	IF-P
SRR19621195	CR
SRR19621196	CR
SRR19621197	CR
SRR19621181	IF-P
SRR19621179	IF-P
SRR19621178	IF-P
SRR19621177	CR
SRR19621176	CR
SRR19621156	CR
SRR19621155	CR
SRR19621154	CR
SRR19621175	CR
SRR19621174	CR
SRR19621173	CR
SRR19621171	CR
SRR19621170	CR
SRR19621169	CR
SRR19621168	CR
SRR19621167	CR
SRR19621166	CR
SRR19621165	CR
SRR19621164	CR
SRR19621163	CR
SRR19621162	CR
SRR19621160	CR
SRR19621159	CR
SRR19621158	CR
SRR19621157	CR
SRR19621134	CR
SRR19621133	CR
SRR19621132	CR
SRR19621153	CR
SRR19621152	CR
SRR19621151	CR
SRR19621149	CR
SRR19621148	CR
SRR19621147	CR
SRR19621146	CR
SRR19621145	CR
SRR19621144	IF-P
SRR19621143	IF-P
SRR19621142	IF-P
SRR19621141	IF-P
SRR19621140	IF-P
SRR19621138	IF-P
SRR19621137	IF-P
SRR19621136	IF-P
SRR19621135	IF-P
SRR19621117	IF-P
SRR19621116	IF-P
SRR19621115	IF-P
SRR19621131	IF-P
SRR19621130	IF-P
SRR19621129	IF-P
SRR19621127	IF-P
SRR19621126	IF-P
SRR19621125	IF-P
SRR19621121	CR
SRR19621120	CR
SRR19621119	CR
SRR19621118	CR
SRR19621231	CR
SRR19621230	CR
SRR19621229	CR
SRR19621228	CR
SRR19621227	CR
SRR19621226	CR
SRR19621225	CR
SRR19621224	CR
SRR19621223	CR
SRR19621222	CR
SRR19621220	CR
SRR19621219	CR
SRR19621218	CR
SRR19621217	CR
SRR19621216	CR
SRR19621215	CR
SRR19621214	CR
SRR19621213	IF-P
SRR19621212	IF-P
SRR19621211	IF-P
