sample ID	forward sequence count	reverse sequence count
SRR19621115	51141	51141
SRR19621116	49967	49967
SRR19621117	54942	54942
SRR19621118	65704	65704
SRR19621119	64080	64080
SRR19621120	76881	76881
SRR19621121	44977	44977
SRR19621122	48095	48095
SRR19621123	55240	55240
SRR19621124	58079	58079
SRR19621125	64844	64844
SRR19621126	59828	59828
SRR19621127	58589	58589
SRR19621128	57827	57827
SRR19621129	38705	38705
SRR19621130	68687	68687
SRR19621131	65628	65628
SRR19621132	50135	50135
SRR19621133	53776	53776
SRR19621134	54401	54401
SRR19621135	43838	43838
SRR19621136	60263	60263
SRR19621137	49093	49093
SRR19621138	48020	48020
SRR19621139	41523	41523
SRR19621140	56173	56173
SRR19621141	87374	87374
SRR19621142	60394	60394
SRR19621143	55077	55077
SRR19621144	89649	89649
SRR19621145	43453	43453
SRR19621146	38375	38375
SRR19621147	47606	47606
SRR19621148	51703	51703
SRR19621149	63815	63815
SRR19621150	48663	48663
SRR19621151	48584	48584
SRR19621152	53568	53568
SRR19621153	54502	54502
SRR19621154	52879	52879
SRR19621155	53614	53614
SRR19621156	56193	56193
SRR19621157	47350	47350
SRR19621158	63088	63088
SRR19621159	166059	166059
SRR19621160	45185	45185
SRR19621161	44004	44004
SRR19621162	43829	43829
SRR19621163	63642	63642
SRR19621164	45839	45839
SRR19621165	64622	64622
SRR19621166	55225	55225
SRR19621167	46587	46587
SRR19621168	52192	52192
SRR19621169	50371	50371
SRR19621170	62290	62290
SRR19621171	37961	37961
SRR19621172	41086	41086
SRR19621173	62532	62532
SRR19621174	54202	54202
SRR19621175	73497	73497
SRR19621176	56392	56392
SRR19621177	54122	54122
SRR19621178	53476	53476
SRR19621179	44072	44072
SRR19621180	81089	81089
SRR19621181	470848	470848
SRR19621182	75419	75419
SRR19621183	47212	47212
SRR19621184	51804	51804
SRR19621185	9512	9512
SRR19621186	50342	50342
SRR19621187	49876	49876
SRR19621188	27650	27650
SRR19621189	40014	40014
SRR19621190	50876	50876
SRR19621191	49070	49070
SRR19621192	52522	52522
SRR19621193	46196	46196
SRR19621194	60219	60219
SRR19621195	26167	26167
SRR19621196	41212	41212
SRR19621197	246733	246733
SRR19621198	62875	62875
SRR19621199	39415	39415
SRR19621200	44179	44179
SRR19621201	45777	45777
SRR19621202	48853	48853
SRR19621203	47832	47832
SRR19621204	45658	45658
SRR19621205	45700	45700
SRR19621206	52407	52407
SRR19621207	116856	116856
SRR19621208	120621	120621
SRR19621209	43604	43604
SRR19621210	41759	41759
SRR19621211	61057	61057
SRR19621212	77720	77720
SRR19621213	57367	57367
SRR19621214	58883	58883
SRR19621215	69026	69026
SRR19621216	62741	62741
SRR19621217	80644	80644
SRR19621218	63363	63363
SRR19621219	58445	58445
SRR19621220	62029	62029
SRR19621221	41076	41076
SRR19621222	57965	57965
SRR19621223	63896	63896
SRR19621224	62974	62974
SRR19621225	54436	54436
SRR19621226	60982	60982
SRR19621227	54952	54952
SRR19621228	45835	45835
SRR19621229	48009	48009
SRR19621230	59109	59109
SRR19621231	54376	54376
SRR19621232	39547	39547
SRR19621233	39516	39516
SRR19621234	48130	48130
