	faith_pd
SRR19621115	44.40218250816273
SRR19621116	44.88955975856001
SRR19621117	48.81820736360065
SRR19621118	25.73472218689383
SRR19621119	43.70893283006868
SRR19621120	39.50535373138738
SRR19621121	37.60934122153979
SRR19621125	55.80109170303647
SRR19621126	47.59006928042393
SRR19621127	36.37124843481374
SRR19621128	34.80890694337601
SRR19621129	61.01907774597638
SRR19621130	55.35728122593893
SRR19621131	58.84083956817862
SRR19621132	23.21952259334299
SRR19621133	43.77864291864811
SRR19621134	46.51874816299685
SRR19621135	49.04327266969822
SRR19621136	55.90615599250609
SRR19621137	51.87397446967234
SRR19621138	46.05433552063096
SRR19621139	36.62664448096067
SRR19621140	48.15575010522991
SRR19621141	45.27294458573078
SRR19621142	33.38154670365596
SRR19621143	28.97459627336586
SRR19621144	31.01585550148949
SRR19621145	31.99290465524033
SRR19621146	27.44656521230477
SRR19621147	31.1779886994315
SRR19621148	36.99160236945441
SRR19621149	39.33912107911912
SRR19621150	36.26678875566737
SRR19621151	33.93559942353009
SRR19621152	34.92060345904876
SRR19621153	32.08605632706637
SRR19621154	35.99307537519073
SRR19621155	35.35038440821009
SRR19621156	46.4598283550229
SRR19621157	43.14544037136685
SRR19621158	34.57785597937138
SRR19621159	39.43098397837528
SRR19621160	37.50965956864312
SRR19621161	35.54932608114078
SRR19621162	41.46835587539522
SRR19621163	33.33988077387886
SRR19621164	36.47240559038738
SRR19621165	28.22353794471221
SRR19621166	32.51732043776767
SRR19621167	30.65188177726422
SRR19621168	61.50626796964307
SRR19621169	57.39378080769982
SRR19621170	56.0227096198004
SRR19621171	52.90853963217959
SRR19621172	40.31910098263509
SRR19621173	59.2497878997792
SRR19621174	62.25690604190047
SRR19621175	36.88667279613642
SRR19621176	51.45614109953133
SRR19621177	48.07263976812502
SRR19621178	35.8893999832413
SRR19621179	47.74486157051118
SRR19621180	43.26302066961384
SRR19621181	39.02403775187358
SRR19621182	43.59887561062042
SRR19621183	43.03085777338968
SRR19621184	43.19300307137591
SRR19621185	36.86065821325591
SRR19621186	37.53578088453921
SRR19621187	36.81701794502462
SRR19621188	46.957708507109
SRR19621189	42.04849763652627
SRR19621190	52.39903457875548
SRR19621191	55.62555919582943
SRR19621192	34.53044898330914
SRR19621193	28.12611386573381
SRR19621194	33.82280788957403
SRR19621195	28.19749545061419
SRR19621196	31.5174593056236
SRR19621197	47.15778954125486
SRR19621198	57.92091444380535
SRR19621199	55.58987894733455
SRR19621200	38.56412669835422
SRR19621201	44.24407413027459
SRR19621202	58.8444073967007
SRR19621203	34.44667031346663
SRR19621204	46.49243901495598
SRR19621205	55.89720168372529
SRR19621206	51.53489780823762
SRR19621207	50.87214064942547
SRR19621208	43.44981365490165
SRR19621209	39.92620733890508
SRR19621210	42.04155099885728
SRR19621211	41.21871206562023
SRR19621212	39.00584848169391
SRR19621213	36.64689924652286
SRR19621214	38.15852257779589
SRR19621215	44.04538498201462
SRR19621216	35.45991083059457
SRR19621217	69.36967156802226
SRR19621218	63.38797320673937
SRR19621219	67.14693179819116
SRR19621220	32.78645594410634
SRR19621221	37.84497713022476
SRR19621222	27.0449687012586
SRR19621223	39.04708161501014
SRR19621224	45.67804457849926
SRR19621225	46.46980402228494
SRR19621226	36.90133885298307
SRR19621227	24.20934049824357
SRR19621228	24.97451403502053
SRR19621229	26.67918862780684
SRR19621230	34.50079638248272
SRR19621231	76.57834117129019
SRR19621232	33.66849729110928
SRR19621233	61.1876508068655
SRR19621234	51.34163110863947
